
CREATE TABLE `artist` (
  `id` int NOT NULL,
  `name` text NOT NULL,
  `totalSell` int NOT NULL,
  `totalVol` int NOT NULL,
  `floor` float NOT NULL,
  `avgsale` int NOT NULL,
  `listed` int NOT NULL,
  `owners` int NOT NULL,
  `totalsupply` int NOT NULL,
  `watch` int NOT NULL,
  `description` text NOT NULL,
  `img` text NOT NULL
);


INSERT INTO `artist` (`id`, `name`, `totalSell`, `totalVol`, `floor`, `avgsale`, `listed`, `owners`, `totalsupply`, `watch`, `description`, `img`) VALUES
(10, 'y00ts', 3200, 3300, 0.9, 250, 453, 2450, 4222, 230000, 'y00ts is a generative art project of 15,000 NFTs. y00topia is a curated community of builders and creators. Each y00t was designed by De Labs in Los Angeles, CA.', '/artistsnft/yoots.webp'),
(11, 'ABC', 4304, 5465, 0.71, 304, 4300, 5023, 7493, 974637, 'ABC - Abracadabra A collection of 10K immutable NFTs, 0% royalties. Made to remind you of how fun things were when we were kids, before growing up - let’s never stop having fun! *This project has no official Twitter or Discord*', '/artistsnft/abc.webp'),
(12, 'DeGods  ', 2300, 4434, 1.5, 432, 3003, 4384, 4999, 304999, 'DeGods is a digital art collection and global community of creators, developers, entrepreneurs, athletes, artists, experimenters and innovators.', '/artistsnft/degods.webp'),
(13, 'Okay Bears', 1937, 2700, 0.5, 279, 2578, 2334, 2456, 370343, 'Okay Bears is a culture shift. A clean collection of 10,000 diverse bears building a virtuous community that will transcend the internet into the real world.', '/artistsnft/okaybears.webp'),
(14, 'A.K.C.B.', 1576, 2300, 2.5, 130, 1299, 2300, 4003, 500323, 'Web3 collaboration and culture that starts with our digital collectibles', '/artistsnft/deb1bec1d1765b394a121d670b5e8b22.avif'),
(19, 'Mutant Ape', 577300, 720546, 21, 2377, 47, 11200, 19400, 1443250, 'The MUTANT APE YACHT CLUB is a collection of up to 20,000 Mutant Apes that can only be created by exposing an existing Bored Ape to a vial of MUTANT SERUM or by minting a Mutant Ape in the public sale.', '/artistsnft/apeclub.webp'),
(20, 'Opepen Edition', 14100, 25250, 0.85, 1, 22, 5200, 16000, 352500, '\"Scapepe\" 24 x 72 px', '/artistsnft/opepen.webp'),
(21, 'Otherdeed for Otherside', 487400, 654342, 2, 584, 30, 32100, 106666, 1218533, 'Where the swamp ends, the Otherside begins.', '/artistsnft/Otherdeed.webp'),
(22, 'Bored Ape Yacht Club', 650700, 871500, 76.7, 571, 38, 5900, 10000, 1180000, 'The Bored Ape Yacht Club is a collection of 10,000 unique Bored Ape NFTs— unique digital collectibles living on the Ethereum blockchain. Your Bored Ape doubles as your Yacht Club membership card, and grants access to members-only benefits.', '/artistsnft/bored.png'),
(23, 'Super Puma', 990, 2475, 0.264, 12, 9, 4200, 9902, 24755, 'Super PUMA is a collection of 10,000 PFPs representing variants from other timelines and universes that have made their way to the present after the events set in motion by Evil PUMA. Super PUMA was originally a comic book originating in the 1970s. The character has been given a digital makeover that will see Super PUMA’s story reinvigorated, highlighting historic moments in sport, but also pushing into new storytelling territory made possible by web3. Visit BlackStation.PUMA.com/SuperPUMA for more information. The Super Puma collection is complementary to PUMA’s other ongoing NFT project the Nitro Collection, which will contribute to be PUMA”s vehicle to release new innovative shoe designs. Nitro', '/artistsnft/puma.webp'),
(24, 'Moonbirds', 215500, 307000, 7, 30, 24, 6500, 10000, 5387500, 'A collection of 10,000 utility-enabled PFPs that feature a richly diverse and unique pool of rarity-powered traits. What\'s more, each Moonbird unlocks private club membership and additional benefits the longer you hold them. We call it nesting – because, obviously.', '/artistsnft/moon.png'),
(26, 'Azuki', 383300, 560800, 14, 38, 20, 4900, 10000, 9582500, 'A brand for the metaverse. Built by the community. Azuki starts with a collection of 10,000 avatars that give you membership access to The Garden', '/artistsnft/azuki.png'),
(27, 'CLONE X - X TAKASHI MURAKAMI', 283400, 410000, 6.5, 400, 150, 9600, 19400, 708500, '🧬 CLONE X 🧬 20,000 next-gen Avatars, by RTFKT and Takashi Murakami 🌸', '/artistsnft/clone.png'),
(28, 'Doodles', 188400, 250500, 5.8, 351, 33, 5500, 10000, 4710000, 'A community-driven collectibles project featuring art by Burnt Toast. Doodles come in a joyful range of colors, traits and sizes with a collection size of 10,000.', '/artistsnft/doodles.webp'),
(29, 'The Captainz', 21800, 25800, 5.4, 242, 4, 5000, 10000, 545000, 'The Captainz', '/artistsnft/captainz.webp'),
(30, 'ANIM.JP Gift Collection', 256, 1, 0.06, 0, 3, 256, 395, 1, 'This collection is for ANIM\'s GIFT. It will be used to commemorate events, distribute to holders only, etc', '/artistsnft/anim.webp'),
(31, 'Cyber JNGL', 302, 755, 120, 36, 453, 302, 3020, 7550, 'Cyber JNGL is the celebration from a collab between Primates SubDAOs & Underworld. 600 Cyber JNGL made by Devil Dan that provide full access to Underworld & Project A closed alpha access.', '/artistsnft/cyberjngl.webp'),
(32, 'Beanz', 7553, 125395, 1.1899, 906, 19760, 7553, 20000, 188825, 'BEANZ are a small species that sprouts from the dirt in the garden. They make for a great sidekick to an Azuki, although some like to kick it alone. They\'re earnestly driven by the desire to help. However, certain BEANZ feel a calling to pave their own path...', '/artistsnft/beanz.webp'),
(33, 'Pirate Nation - Items', 1685, 4212, 674, 202, 2527, 1685, 16850, 42125, 'Pirate Nation - Items', '/artistsnft/piratenation.webp'),
(34, 'Soldrop Boxers', 448, 13, 0.3415, 1, 520, 448, 4480, 10424, 'SolDrop Boxers is a collection of 3,333 unique box-themed avatars! Owners of SolDrop Boxers NFTs can earn rewards and a share of revenue from profits made on the SolDrop website. Don\'t miss the opportunity to own a one-of-a-kind SolDrop Boxer and become part of this exciting community!', '/artistsnft/soldropboxers.webp'),
(35, 'Arbitrum Odyssey NFT', 1412, 3530, 564, 169, 2118, 1412, 14120, 35300, '\"Arbitrum is an Optimistic Rollup built to scale Ethereum by @OffchainLabs\"', '/artistsnft/arbitrum.webp'),
(36, 'Kawaii Catss', 5, 0, 0.002, 0, 10, 5, 10, 154, 'Collection of cute 3D Cats❤️', '/artistsnft/kawaii.webp'),
(37, 'Radbro Webring', 1962, 131, 0.029, 0, 5000, 848, 5000, 49050, 'Radbros on chain. Just tell \'em to check the chain. Radbros get $RAD.  https://radbro.xyz/', '/artistsnft/radbro.webp'),
(38, 'Not a Goblintown Project', 777, 491, 0.0054, 0, 777, 210, 777, 19425, 'We\'re not here to create another Goblintown. No way. Our project is definitely, absolutely, positively not a Goblintown Project. In fact, we\'re not even sure what a Goblintown is. But what we do know is that our collection is unique, innovative, and definitely not like anything else out there.', '/artistsnft/notagoblin.webp');


CREATE TABLE `collectioners` (
  `id` int NOT NULL,
  `name` text NOT NULL,
  `img` text NOT NULL,
  `twitter` text NOT NULL,
  `telegram` text NOT NULL,
  `instagram` text NOT NULL,
  `discord` text NOT NULL
);



INSERT INTO `collectioners` (`id`, `name`, `img`, `twitter`, `telegram`, `instagram`, `discord`) VALUES
(4, 'Ohara Esimura', '/collect/_OzqrrGO_400x400.jpg', 'https://twitter.com/ohidohid', ' ', ' ', 'Ohara#7777'),
(5, '🌼Aku May', '/collect/_NdEBjPF_400x400.jpg', 'https://twitter.com/Doney2703', ' ', ' ', 'Orderyqueeply#2390'),
(6, 'NFT Radar', '/collect/HjC2XT-0_400x400.jpg', 'https://twitter.com/NFTsRadar', ' ', ' ', ' '),
(7, 'Mustafa Elmas', '/collect/mwTmD1eJ_400x400.jpg', 'https://twitter.com/elmas_eth', ' ', ' ', ' '),
(8, 'diklat_nasa', '/collect/qZze2zGx_400x400.jpg', 'https://twitter.com/diklat_nasa.eth', ' ', ' ', ' '),
(9, 'Jizzyeth', '/collect/U76mlIGL_400x400.jpg', 'https://twitter.com/JizzyyEth', ' ', ' ', 'Jizzyyeth#8150'),
(10, 'CARRRDONA', '/collect/Z_Y9c68P_400x400.jpg', 'https://twitter.com/cardona_eth', ' ', ' ', 'RusselCardona#4105'),
(11, '筋太郎👱🏼‍♀️', '/collect/eOW9a5rF_400x400.png', 'https://twitter.com/kintaro_nft', ' ', ' ', ' kentara#7777'),
(12, 'Lucìa (💙,🧡)', '/collect/_yCnwUzs_400x400.jpg', 'https://twitter.com/Lucia_M6ndez', ' ', ' ', ' '),
(13, 'Aly Murray', 'https://media.discordapp.net/attachments/1076534551683268699/1081530104179609700/uMU4EsOa_400x400.png', 'https://twitter.com/M_ALY209', ' ', ' ', ' '),
(14, 'Jessica♡', 'https://media.discordapp.net/attachments/1076534551683268699/1081531625164263454/GD1wJaI_400x400.png', 'https://twitter.com/Jes_web3', ' ', ' ', ' '),
(15, 'Matthew', 'https://i.imgur.com/D17xtqs.jpg', 'https://twitter.com/DgtlMattitude', ' ', ' ', ' '),
(16, 'Alliise_NFT', 'https://i.imgur.com/nRwS1oh.jpg', 'https://twitter.com/Alliise_Nft', ' ', ' ', ' '),
(17, 'Kazuu', 'https://i.imgur.com/c642eCI.jpg', 'https://twitter.com/Nftlovekazu', ' ', ' ', ' '),
(18, 'wils0n ', 'https://i.imgur.com/mEoY6L9.jpg', 'https://twitter.com/Wils0nweb3', ' ', ' ', ' '),
(19, 'macci.eth', 'https://i.imgur.com/0NvKqlR.jpg', 'https://twitter.com/macci_eth', ' ', ' ', 'Macci_eth#4961'),
(23, 'Carramsay', 'https://i.imgur.com/NYyTwRO.png', 'https://twitter.com/carramsay', ' ', ' ', ' ');



CREATE TABLE `news` (
  `id` int NOT NULL,
  `auther` text NOT NULL,
  `date` text NOT NULL,
  `them` text NOT NULL,
  `alltext` text NOT NULL,
  `img` text NOT NULL
);


INSERT INTO `news` (`id`, `auther`, `date`, `them`, `alltext`, `img`) VALUES
(7, 'admin', '21.02.2023', 'Lets GO', 'Famous NFT artists have already started working with us. We will soon announce the start of sales and invite artists to work with us. Only with us you will not pay gas🧐🧐', '/newsimg/1.jpg'),
(8, 'admin', '23.02.2023', 'NO GAS😱😱😱😱', 'Why aren\'t you with us yet?)', '/newsimg/2.jpg'),
(9, 'admin', '23.02.2023', '#moonbirds', 'Many popular artists are already starting to work with us', '/newsimg/3.jpg');



CREATE TABLE `nft` (
  `id` int NOT NULL,
  `name` text NOT NULL,
  `auther` text NOT NULL,
  `cost` float NOT NULL,
  `rating` int NOT NULL,
  `img` text NOT NULL,
  `autherid` int NOT NULL
);



INSERT INTO `nft` (`id`, `name`, `auther`, `cost`, `rating`, `img`, `autherid`) VALUES
(5, 'y00t', 'y00t', 0.9, 116000, '/nftimages/yoots/1651.webp', 10),
(6, 'y00t', 'y00t', 0.9, 108324, '/nftimages/yoots/14434.webp', 10),
(7, 'y00t', 'y00t', 0.9, 100376, '/nftimages/yoots/9055.webp', 10),
(8, 'y00t', 'y00t', 0.9, 95520, '/nftimages/yoots/5421.webp', 10),
(9, 'y00t', 'y00t', 0.9, 116000, '/nftimages/yoots/7990.webp', 10),
(10, 'y00t', 'y00t', 0.9, 142490, '/nftimages/yoots/3623.webp', 10),
(11, 'y00t', 'y00t', 0.9, 100584, '/nftimages/yoots/12091.webp', 10),
(12, 'y00t', 'y00t', 0.9, 126365, '/nftimages/yoots/12510.webp', 10),
(13, 'y00t', 'y00t', 0.9, 86389, '/nftimages/yoots/973.webp', 10),
(14, 'y00t', 'y00t', 0.9, 128873, '/nftimages/yoots/6266.webp', 10),
(15, 'y00t', 'y00t', 0.9, 84272, '/nftimages/yoots/5738.webp', 10),
(16, 'y00t', 'y00t', 0.9, 145078, '/nftimages/yoots/3215.webp', 10),
(17, 'y00t', 'y00t', 0.9, 132200, '/nftimages/yoots/14526.webp', 10),
(18, 'y00t', 'y00t', 0.9, 94719, '/nftimages/yoots/1059.webp', 10),
(19, 'y00t', 'y00t', 0.9, 76975, '/nftimages/yoots/3262.webp', 10),
(20, 'y00t', 'y00t', 0.9, 91837, '/nftimages/yoots/11267.webp', 10),
(21, 'y00t', 'y00t', 0.9, 119688, '/nftimages/yoots/7267.webp', 10),
(22, 'y00t', 'y00t', 0.9, 52411, '/nftimages/yoots/13339.webp', 10),
(23, 'y00t', 'y00t', 0.9, 51527, '/nftimages/yoots/3374.webp', 10),
(24, 'y00t', 'y00t', 0.9, 108145, '/nftimages/yoots/3013.webp', 10),
(25, 'y00t', 'y00t', 0.9, 137607, '/nftimages/yoots/409.webp', 10),
(26, 'y00t', 'y00t', 0.9, 136000, '/nftimages/yoots/8542.webp', 10),
(27, 'y00t', 'y00t', 0.9, 127385, '/nftimages/yoots/10111.webp', 10),
(28, 'y00t', 'y00t', 0.9, 149379, '/nftimages/yoots/3756.webp', 10),
(29, 'y00t', 'y00t', 0.9, 108217, '/nftimages/yoots/862.webp', 10),
(30, 'y00t', 'y00t', 0.9, 82115, '/nftimages/yoots/12245.webp', 10),
(31, 'y00t', 'y00t', 0.9, 129030, '/nftimages/yoots/11576.webp', 10),
(32, 'y00t', 'y00t', 0.9, 117735, '/nftimages/yoots/4308.webp', 10),
(33, 'y00t', 'y00t', 0.9, 53243, '/nftimages/yoots/9345.webp', 10),
(34, 'y00t', 'y00t', 0.9, 69374, '/nftimages/yoots/11011.webp', 10),
(35, 'y00t', 'y00t', 0.9, 139791, '/nftimages/yoots/9197.webp', 10),
(36, 'y00t', 'y00t', 0.9, 82846, '/nftimages/yoots/14582.webp', 10),
(37, 'y00t', 'y00t', 0.9, 132497, '/nftimages/yoots/4109.webp', 10),
(38, 'y00t', 'y00t', 0.9, 91757, '/nftimages/yoots/7375.webp', 10),
(39, 'y00t', 'y00t', 0.9, 147069, '/nftimages/yoots/7470.webp', 10),
(40, 'y00t', 'y00t', 0.9, 61722, '/nftimages/yoots/9140.webp', 10),
(41, 'y00t', 'y00t', 0.9, 124464, '/nftimages/yoots/3436.webp', 10),
(42, 'y00t', 'y00t', 0.9, 59450, '/nftimages/yoots/9191.webp', 10),
(43, 'y00t', 'y00t', 0.9, 147147, '/nftimages/yoots/12284.webp', 10),
(44, 'y00t', 'y00t', 0.9, 88016, '/nftimages/yoots/11737.webp', 10),
(45, 'y00t', 'y00t', 0.9, 127880, '/nftimages/yoots/12497.webp', 10),
(50, 'ABC', 'ABC', 0.71, 139646, '/nftimages/abc/1.jpg', 11),
(51, 'ABC', 'ABC', 0.71, 78160, '/nftimages/abc/2.jpg', 11),
(52, 'ABC', 'ABC', 0.71, 121707, '/nftimages/abc/3.jpg', 11),
(53, 'ABC', 'ABC', 0.71, 97637, '/nftimages/abc/4.jpg', 11),
(54, 'ABC', 'ABC', 0.71, 63521, '/nftimages/abc/5.jpg', 11),
(55, 'ABC', 'ABC', 0.71, 57930, '/nftimages/abc/6.jpg', 11),
(56, 'ABC', 'ABC', 0.71, 103770, '/nftimages/abc/7.jpg', 11),
(57, 'ABC', 'ABC', 0.71, 51916, '/nftimages/abc/8.jpg', 11),
(58, 'ABC', 'ABC', 0.71, 132071, '/nftimages/abc/9.jpg', 11),
(59, 'ABC', 'ABC', 0.71, 85174, '/nftimages/abc/10.jpg', 11),
(60, 'ABC', 'ABC', 0.71, 147224, '/nftimages/abc/11.jpg', 11),
(61, 'ABC', 'ABC', 0.71, 98956, '/nftimages/abc/12.jpg', 11),
(62, 'ABC', 'ABC', 0.71, 85719, '/nftimages/abc/13.jpg', 11),
(63, 'ABC', 'ABC', 0.71, 64464, '/nftimages/abc/14.jpg', 11),
(64, 'ABC', 'ABC', 0.71, 100100, '/nftimages/abc/15.jpg', 11),
(65, 'ABC', 'ABC', 0.71, 53654, '/nftimages/abc/16.jpg', 11),
(66, 'ABC', 'ABC', 0.71, 149616, '/nftimages/abc/17.jpg', 11),
(67, 'ABC', 'ABC', 0.71, 143158, '/nftimages/abc/18.jpg', 11),
(68, 'ABC', 'ABC', 0.71, 88121, '/nftimages/abc/19.jpg', 11),
(69, 'ABC', 'ABC', 0.71, 89756, '/nftimages/abc/20.jpg', 11),
(70, 'DeGods', 'DeGods', 1.45, 92927, '/nftimages/degods/53-dead.webp', 12),
(71, 'DeGods', 'DeGods', 1.45, 93210, '/nftimages/degods/310-dead.webp', 12),
(72, 'DeGods', 'DeGods', 1.45, 142374, '/nftimages/degods/1167-dead.webp', 12),
(73, 'DeGods', 'DeGods', 1.45, 119049, '/nftimages/degods/1340-dead.webp', 12),
(74, 'DeGods', 'DeGods', 1.45, 74284, '/nftimages/degods/2176-dead.webp', 12),
(75, 'DeGods', 'DeGods', 1.45, 109472, '/nftimages/degods/2377-dead.webp', 12),
(76, 'DeGods', 'DeGods', 1.45, 98366, '/nftimages/degods/2416-dead.webp', 12),
(77, 'DeGods', 'DeGods', 1.45, 146609, '/nftimages/degods/3184-dead.webp', 12),
(78, 'DeGods', 'DeGods', 1.45, 97387, '/nftimages/degods/3407-dead.webp', 12),
(79, 'DeGods', 'DeGods', 1.45, 126565, '/nftimages/degods/4093-dead.webp', 12),
(80, 'DeGods', 'DeGods', 1.45, 60993, '/nftimages/degods/4742-dead.webp', 12),
(81, 'DeGods', 'DeGods', 1.45, 53261, '/nftimages/degods/5563-dead.webp', 12),
(82, 'DeGods', 'DeGods', 1.45, 82077, '/nftimages/degods/5643-dead.webp', 12),
(83, 'DeGods', 'DeGods', 1.45, 121020, '/nftimages/degods/6828-dead.webp', 12),
(84, 'DeGods', 'DeGods', 1.45, 53338, '/nftimages/degods/7059-dead.webp', 12),
(85, 'DeGods', 'DeGods', 1.45, 84311, '/nftimages/degods/7172-dead.webp', 12),
(86, 'DeGods', 'DeGods', 1.45, 145378, '/nftimages/degods/7629-dead.webp', 12),
(87, 'DeGods', 'DeGods', 1.45, 57016, '/nftimages/degods/8840-dead.webp', 12),
(88, 'DeGods', 'DeGods', 1.45, 58295, '/nftimages/degods/8927-dead.webp', 12),
(89, 'DeGods', 'DeGods', 1.45, 81317, '/nftimages/degods/9620-dead.webp', 12),
(90, 'Okay Bears', 'Okay Bears', 0.47, 71263, '/nftimages/okaybears/1.webp', 13),
(91, 'Okay Bears', 'Okay Bears', 0.47, 74426, '/nftimages/okaybears/2.webp', 13),
(92, 'Okay Bears', 'Okay Bears', 0.47, 133447, '/nftimages/okaybears/3.webp', 13),
(93, 'Okay Bears', 'Okay Bears', 0.47, 51411, '/nftimages/okaybears/4.webp', 13),
(94, 'Okay Bears', 'Okay Bears', 0.47, 57610, '/nftimages/okaybears/5.webp', 13),
(95, 'Okay Bears', 'Okay Bears', 0.47, 104508, '/nftimages/okaybears/6.webp', 13),
(96, 'Okay Bears', 'Okay Bears', 0.47, 144819, '/nftimages/okaybears/7.webp', 13),
(97, 'Okay Bears', 'Okay Bears', 0.47, 101825, '/nftimages/okaybears/8.webp', 13),
(98, 'Okay Bears', 'Okay Bears', 0.47, 120197, '/nftimages/okaybears/9.webp', 13),
(99, 'Okay Bears', 'Okay Bears', 0.47, 59931, '/nftimages/okaybears/10.webp', 13),
(100, 'Okay Bears', 'Okay Bears', 0.47, 129821, '/nftimages/okaybears/11.webp', 13),
(101, 'Okay Bears', 'Okay Bears', 0.47, 119474, '/nftimages/okaybears/12.webp', 13),
(102, 'Okay Bears', 'Okay Bears', 0.47, 97632, '/nftimages/okaybears/13.webp', 13),
(103, 'Okay Bears', 'Okay Bears', 0.47, 98690, '/nftimages/okaybears/14.webp', 13),
(104, 'Okay Bears', 'Okay Bears', 0.47, 117476, '/nftimages/okaybears/15.webp', 13),
(105, 'Okay Bears', 'Okay Bears', 0.47, 74675, '/nftimages/okaybears/16.webp', 13),
(106, 'Okay Bears', 'Okay Bears', 0.47, 69856, '/nftimages/okaybears/17.webp', 13),
(107, 'Okay Bears', 'Okay Bears', 0.47, 128444, '/nftimages/okaybears/18.webp', 13),
(108, 'Okay Bears', 'Okay Bears', 0.47, 119276, '/nftimages/okaybears/19.webp', 13),
(109, 'Okay Bears', 'Okay Bears', 0.47, 143183, '/nftimages/okaybears/20.webp', 13),
(110, 'Okay Bears', 'Okay Bears', 0.47, 83885, '/nftimages/okaybears/21.webp', 13),
(111, 'Okay Bears', 'Okay Bears', 0.47, 80693, '/nftimages/okaybears/22.webp', 13),
(112, 'Okay Bears', 'Okay Bears', 0.47, 87939, '/nftimages/okaybears/23.webp', 13),
(113, 'Okay Bears', 'Okay Bears', 0.47, 116074, '/nftimages/okaybears/24.webp', 13),
(114, 'A.K.C.B.#1', 'A.K.C.B. ', 2.45, 120987, '/nftimages/akcb/7d72f2e51866e231126440135a019d3d.avif', 14),
(115, 'A.K.C.B.#2', 'A.K.C.B. ', 2.45, 131346, '/nftimages/akcb/7d72f2e51866e231126440135a019d3d.avif', 14),
(116, 'A.K.C.B.#3', 'A.K.C.B. ', 2.45, 113529, '/nftimages/akcb/7d72f2e51866e231126440135a019d3d.avif', 14),
(117, 'A.K.C.B.#4', 'A.K.C.B. ', 2.45, 95810, '/nftimages/akcb/7d72f2e51866e231126440135a019d3d.avif', 14),
(118, 'A.K.C.B.#5', 'A.K.C.B. ', 2.45, 109903, '/nftimages/akcb/7d72f2e51866e231126440135a019d3d.avif', 14),
(119, 'A.K.C.B.#6', 'A.K.C.B. ', 2.45, 55147, '/nftimages/akcb/7d72f2e51866e231126440135a019d3d.avif', 14),
(120, 'A.K.C.B.#7', 'A.K.C.B. ', 2.45, 61141, '/nftimages/akcb/7d72f2e51866e231126440135a019d3d.avif', 14),
(121, 'A.K.C.B.#8', 'A.K.C.B. ', 2.45, 87665, '/nftimages/akcb/7d72f2e51866e231126440135a019d3d.avif', 14),
(122, 'A.K.C.B.#9', 'A.K.C.B. ', 2.45, 95942, '/nftimages/akcb/7d72f2e51866e231126440135a019d3d.avif', 14),
(123, 'A.K.C.B.#10', 'A.K.C.B. ', 2.45, 114847, '/nftimages/akcb/7d72f2e51866e231126440135a019d3d.avif', 14),
(124, 'A.K.C.B.#11', 'A.K.C.B. ', 2.45, 84857, '/nftimages/akcb/7d72f2e51866e231126440135a019d3d.avif', 14),
(125, 'A.K.C.B.#12', 'A.K.C.B. ', 2.45, 148265, '/nftimages/akcb/7d72f2e51866e231126440135a019d3d.avif', 14),
(126, 'A.K.C.B.#13', 'A.K.C.B. ', 2.45, 75853, '/nftimages/akcb/7d72f2e51866e231126440135a019d3d.avif', 14),
(127, 'A.K.C.B.#14', 'A.K.C.B. ', 2.45, 115024, '/nftimages/akcb/7d72f2e51866e231126440135a019d3d.avif', 14),
(128, 'A.K.C.B.#15', 'A.K.C.B. ', 2.45, 139470, '/nftimages/akcb/7d72f2e51866e231126440135a019d3d.avif', 14),
(129, 'A.K.C.B.#16', 'A.K.C.B. ', 2.45, 55255, '/nftimages/akcb/7d72f2e51866e231126440135a019d3d.avif', 14),
(130, 'A.K.C.B.#17', 'A.K.C.B. ', 2.45, 63327, '/nftimages/akcb/7d72f2e51866e231126440135a019d3d.avif', 14),
(131, 'A.K.C.B.#18', 'A.K.C.B. ', 2.45, 146084, '/nftimages/akcb/7d72f2e51866e231126440135a019d3d.avif', 14),
(132, 'A.K.C.B.#19', 'A.K.C.B. ', 2.45, 132282, '/nftimages/akcb/7d72f2e51866e231126440135a019d3d.avif', 14),
(133, 'A.K.C.B.#20', 'A.K.C.B. ', 2.45, 96836, '/nftimages/akcb/7d72f2e51866e231126440135a019d3d.avif', 14),
(134, 'A.K.C.B.#21', 'A.K.C.B. ', 2.45, 79663, '/nftimages/akcb/7d72f2e51866e231126440135a019d3d.avif', 14),
(135, 'A.K.C.B.#22', 'A.K.C.B. ', 2.45, 147766, '/nftimages/akcb/7d72f2e51866e231126440135a019d3d.avif', 14),
(136, 'A.K.C.B.#23', 'A.K.C.B. ', 2.45, 58696, '/nftimages/akcb/7d72f2e51866e231126440135a019d3d.avif', 14),
(137, 'A.K.C.B.#24', 'A.K.C.B. ', 2.45, 98692, '/nftimages/akcb/7d72f2e51866e231126440135a019d3d.avif', 14),
(138, 'A.K.C.B.#25', 'A.K.C.B. ', 2.45, 64519, '/nftimages/akcb/7d72f2e51866e231126440135a019d3d.avif', 14),
(139, 'A.K.C.B.#26', 'A.K.C.B. ', 2.45, 98875, '/nftimages/akcb/7d72f2e51866e231126440135a019d3d.avif', 14),
(140, 'A.K.C.B.#27', 'A.K.C.B. ', 2.45, 65473, '/nftimages/akcb/7d72f2e51866e231126440135a019d3d.avif', 14),
(141, 'A.K.C.B.#28', 'A.K.C.B. ', 2.45, 123224, '/nftimages/akcb/7d72f2e51866e231126440135a019d3d.avif', 14),
(142, 'A.K.C.B.#29', 'A.K.C.B. ', 2.45, 149776, '/nftimages/akcb/7d72f2e51866e231126440135a019d3d.avif', 14),
(143, 'A.K.C.B.#30', 'A.K.C.B. ', 2.45, 87396, '/nftimages/akcb/7d72f2e51866e231126440135a019d3d.avif', 14),
(144, 'A.K.C.B.#31', 'A.K.C.B. ', 2.45, 138157, '/nftimages/akcb/7d72f2e51866e231126440135a019d3d.avif', 14),
(145, 'A.K.C.B.#32', 'A.K.C.B. ', 2.45, 57930, '/nftimages/akcb/7d72f2e51866e231126440135a019d3d.avif', 14),
(150, 'Mutant Ape', 'Mutant Ape', 21, 483405, '/nftimages/boredape/1.webp', 19),
(151, 'Mutant Ape', 'Mutant Ape', 22, 362226, '/nftimages/boredape/2.webp', 19),
(152, 'Mutant Ape', 'Mutant Ape', 24, 628428, '/nftimages/boredape/3.webp', 19),
(153, 'Mutant Ape', 'Mutant Ape', 35, 628428, '/nftimages/boredape/4.webp', 19),
(154, 'Mutant Ape', 'Mutant Ape', 35, 420430, '/nftimages/boredape/5.webp', 19),
(155, 'Mutant Ape', 'Mutant Ape', 43, 539751, '/nftimages/boredape/6.webp', 19),
(156, 'Mutant Ape', 'Mutant Ape', 47, 602266, '/nftimages/boredape/7.webp', 19),
(157, 'Opepen Edition', 'Opepen Edition', 0.95, 552762, '/nftimages/opepen/1.png', 20),
(158, 'Opepen Edition', 'Opepen Edition', 0.9684, 613294, '/nftimages/opepen/1.png', 20),
(159, 'Opepen Edition', 'Opepen Edition', 0.9786, 692965, '/nftimages/opepen/1.png', 20),
(160, 'Opepen Edition', 'Opepen Edition', 0.98, 513499, '/nftimages/opepen/1.png', 20),
(161, 'Opepen Edition', 'Opepen Edition', 0.98, 506212, '/nftimages/opepen/1.png', 20),
(162, 'Opepen Edition', 'Opepen Edition', 0.99, 536480, '/nftimages/opepen/1.png', 20),
(163, 'Opepen Edition', 'Opepen Edition', 0.99, 464750, '/nftimages/opepen/1.png', 20),
(164, 'Opepen Edition', 'Opepen Edition', 1, 300181, '/nftimages/opepen/1.png', 20),
(165, 'Opepen Edition', 'Opepen Edition', 1.0204, 382392, '/nftimages/opepen/1.png', 20),
(166, 'Opepen Edition', 'Opepen Edition', 1.0204, 506637, '/nftimages/opepen/1.png', 20),
(167, 'Opepen Edition', 'Opepen Edition', 1.0204, 321129, '/nftimages/opepen/1.png', 20),
(168, 'Opepen Edition', 'Opepen Edition', 1.0714, 540099, '/nftimages/opepen/1.png', 20),
(169, 'Opepen Edition', 'Opepen Edition', 1.11, 313734, '/nftimages/opepen/1.png', 20),
(170, 'Opepen Edition', 'Opepen Edition', 1.12, 338629, '/nftimages/opepen/1.png', 20),
(171, 'Opepen Edition', 'Opepen Edition', 1.1224, 308429, '/nftimages/opepen/1.png', 20),
(172, 'Opepen Edition', 'Opepen Edition', 1.1939, 621256, '/nftimages/opepen/1.png', 20),
(173, 'Opepen Edition', 'Opepen Edition', 1.215, 407855, '/nftimages/opepen/1.png', 20),
(174, 'Opepen Edition', 'Opepen Edition', 1.25, 519037, '/nftimages/opepen/1.png', 20),
(175, 'Opepen Edition', 'Opepen Edition', 1.36, 431723, '/nftimages/opepen/1.png', 20),
(176, 'Opepen Edition', 'Opepen Edition', 1.9893, 618966, '/nftimages/opepen/1.png', 20),
(177, 'Opepen Edition', 'Opepen Edition', 2.99, 410246, '/nftimages/opepen/1.png', 20),
(178, 'Opepen Edition', 'Opepen Edition', 4.2857, 305128, '/nftimages/opepen/1.png', 20),
(179, 'Otherdeed for Otherside', 'Otherdeed for Otherside', 2.2, 305128, '/nftimages/Otherdeed/1.jpg', 21),
(180, 'Otherdeed for Otherside', 'Otherdeed for Otherside', 2.2, 648343, '/nftimages/Otherdeed/2.jpg', 21),
(181, 'Otherdeed for Otherside', 'Otherdeed for Otherside', 2.2, 552436, '/nftimages/Otherdeed/3.jpg', 21),
(182, 'Otherdeed for Otherside', 'Otherdeed for Otherside', 2.2, 648585, '/nftimages/Otherdeed/4.jpg', 21),
(183, 'Otherdeed for Otherside', 'Otherdeed for Otherside', 2.2, 439278, '/nftimages/Otherdeed/5.jpg', 21),
(184, 'Otherdeed for Otherside', 'Otherdeed for Otherside', 2.2, 365841, '/nftimages/Otherdeed/6.jpg', 21),
(185, 'Otherdeed for Otherside', 'Otherdeed for Otherside', 2.2, 391403, '/nftimages/Otherdeed/7.jpg', 21),
(186, 'Otherdeed for Otherside', 'Otherdeed for Otherside', 2.2, 387925, '/nftimages/Otherdeed/6.jpg', 21),
(187, 'Otherdeed for Otherside', 'Otherdeed for Otherside', 2.2, 542676, '/nftimages/Otherdeed/7.jpg', 21),
(188, 'Otherdeed for Otherside', 'Otherdeed for Otherside', 2.2, 387249, '/nftimages/Otherdeed/8.jpg', 21),
(189, 'Otherdeed for Otherside', 'Otherdeed for Otherside', 2.2, 640117, '/nftimages/Otherdeed/9.jpg', 21),
(190, 'Otherdeed for Otherside', 'Otherdeed for Otherside', 2.2, 349722, '/nftimages/Otherdeed/10.jpg', 21),
(191, 'Otherdeed for Otherside', 'Otherdeed for Otherside', 2.2, 421045, '/nftimages/Otherdeed/11.jpg', 21),
(192, 'Otherdeed for Otherside', 'Otherdeed for Otherside', 2.2, 360886, '/nftimages/Otherdeed/12.jpg', 21),
(193, 'Otherdeed for Otherside', 'Otherdeed for Otherside', 2.2, 346696, '/nftimages/Otherdeed/13.jpg', 21),
(194, 'Otherdeed for Otherside', 'Otherdeed for Otherside', 2.2, 681280, '/nftimages/Otherdeed/14.jpg', 21),
(195, 'Otherdeed for Otherside', 'Otherdeed for Otherside', 2.2, 579453, '/nftimages/Otherdeed/15.jpg', 21),
(196, 'Otherdeed for Otherside', 'Otherdeed for Otherside', 2.2, 517971, '/nftimages/Otherdeed/16.jpg', 21),
(197, 'Otherdeed for Otherside', 'Otherdeed for Otherside', 2.2, 514969, '/nftimages/Otherdeed/17.jpg', 21),
(198, 'Otherdeed for Otherside', 'Otherdeed for Otherside', 2.2, 509267, '/nftimages/Otherdeed/18.jpg', 21),
(199, 'Otherdeed for Otherside', 'Otherdeed for Otherside', 2.2, 667275, '/nftimages/Otherdeed/19.jpg', 21),
(200, 'Otherdeed for Otherside', 'Otherdeed for Otherside', 2.2, 563588, '/nftimages/Otherdeed/20.jpg', 21),
(201, 'Otherdeed for Otherside', 'Otherdeed for Otherside', 2.2, 302330, '/nftimages/Otherdeed/21.jpg', 21),
(202, 'Otherdeed for Otherside', 'Otherdeed for Otherside', 2.2, 300971, '/nftimages/Otherdeed/22.jpg', 21),
(203, 'Otherdeed for Otherside', 'Otherdeed for Otherside', 2.2, 437330, '/nftimages/Otherdeed/23.jpg', 21),
(204, 'Otherdeed for Otherside', 'Otherdeed for Otherside', 2.2, 554436, '/nftimages/Otherdeed/24.jpg', 21),
(205, 'Otherdeed for Otherside', 'Otherdeed for Otherside', 2.2, 416548, '/nftimages/Otherdeed/25.jpg', 21),
(206, 'Otherdeed for Otherside', 'Otherdeed for Otherside', 2.2, 466521, '/nftimages/Otherdeed/26.jpg', 21),
(207, 'Otherdeed for Otherside', 'Otherdeed for Otherside', 2.2, 522471, '/nftimages/Otherdeed/27.jpg', 21),
(208, 'Otherdeed for Otherside', 'Otherdeed for Otherside', 2.2, 406339, '/nftimages/Otherdeed/28.jpg', 21),
(209, 'Otherdeed for Otherside', 'Otherdeed for Otherside', 2.2, 658562, '/nftimages/Otherdeed/29.jpg', 21),
(210, 'Otherdeed for Otherside', 'Otherdeed for Otherside', 2.2, 576860, '/nftimages/Otherdeed/30.jpg', 21),
(211, 'Bored Ape Yacht Club', 'Bored Ape Yacht Club', 76.7, 455329, '/nftimages/boredya/1.webp', 22),
(212, 'Bored Ape Yacht Club', 'Bored Ape Yacht Club', 99, 536414, '/nftimages/boredya/2.webp', 22),
(213, 'Bored Ape Yacht Club', 'Bored Ape Yacht Club', 100, 1022551, '/nftimages/boredya/3.webp', 22),
(214, 'Bored Ape Yacht Club', 'Bored Ape Yacht Club', 112.95, 836987, '/nftimages/boredya/4.webp', 22),
(215, 'Bored Ape Yacht Club', 'Bored Ape Yacht Club', 128.95, 912822, '/nftimages/boredya/5.webp', 22),
(216, 'Bored Ape Yacht Club', 'Bored Ape Yacht Club', 175, 1096516, '/nftimages/boredya/6.webp', 22),
(217, 'Bored Ape Yacht Club', 'Bored Ape Yacht Club', 175, 1042639, '/nftimages/boredya/7.webp', 22),
(218, 'Bored Ape Yacht Club', 'Bored Ape Yacht Club', 175.26, 705167, '/nftimages/boredya/8.webp', 22),
(219, 'Bored Ape Yacht Club', 'Bored Ape Yacht Club', 199.69, 746958, '/nftimages/boredya/9.webp', 22),
(220, 'Bored Ape Yacht Club', 'Bored Ape Yacht Club', 200, 371717, '/nftimages/boredya/10.webp', 22),
(221, 'Bored Ape Yacht Club', 'Bored Ape Yacht Club', 245, 828255, '/nftimages/boredya/11.webp', 22),
(222, 'Bored Ape Yacht Club', 'Bored Ape Yacht Club', 323, 706642, '/nftimages/boredya/12.webp', 22),
(223, 'Bored Ape Yacht Club', 'Bored Ape Yacht Club', 420.69, 353193, '/nftimages/boredya/13.webp', 22),
(224, 'Bored Ape Yacht Club', 'Bored Ape Yacht Club', 777, 775300, '/nftimages/boredya/14.webp', 22),
(225, 'Bored Ape Yacht Club', 'Bored Ape Yacht Club', 777.777, 1039605, '/nftimages/boredya/15.webp', 22),
(226, 'Bored Ape Yacht Club', 'Bored Ape Yacht Club', 9999, 573276, '/nftimages/boredya/16.webp', 22),
(227, 'Super Puma', 'Super Puma', 0.275, 27638, '/nftimages/puma/1.gif', 23),
(228, 'Super Puma', 'Super Puma', 0.275, 33070, '/nftimages/puma/1.gif', 23),
(229, 'Super Puma', 'Super Puma', 0.275, 24592, '/nftimages/puma/1.gif', 23),
(230, 'Super Puma', 'Super Puma', 0.275, 32046, '/nftimages/puma/1.gif', 23),
(231, 'Super Puma', 'Super Puma', 0.275, 32046, '/nftimages/puma/1.gif', 23),
(232, 'Super Puma', 'Super Puma', 0.275, 32535, '/nftimages/puma/1.gif', 23),
(233, 'Super Puma', 'Super Puma', 0.275, 21087, '/nftimages/puma/1.gif', 23),
(234, 'Super Puma', 'Super Puma', 0.275, 26772, '/nftimages/puma/1.gif', 23),
(235, 'Super Puma', 'Super Puma', 0.275, 36608, '/nftimages/puma/1.gif', 23),
(236, 'Moonbirds', 'Moonbirds', 6.898, 36608, '/nftimages/moon/1.png', 24),
(237, 'Moonbirds', 'Moonbirds', 6.898, 756818, '/nftimages/moon/2.png', 24),
(238, 'Moonbirds', 'Moonbirds', 6.7, 448322, '/nftimages/moon/3.png', 24),
(239, 'Moonbirds', 'Moonbirds', 6.7, 450684, '/nftimages/moon/4.png', 24),
(240, 'Moonbirds', 'Moonbirds', 6.7, 454368, '/nftimages/moon/5.png', 24),
(241, 'Moonbirds', 'Moonbirds', 6.8, 455176, '/nftimages/moon/6.png', 24),
(242, 'Moonbirds', 'Moonbirds', 6.8, 512976, '/nftimages/moon/7.png', 24),
(243, 'Moonbirds', 'Moonbirds', 6.8, 740827, '/nftimages/moon/8.png', 24),
(244, 'Moonbirds', 'Moonbirds', 6.89, 461658, '/nftimages/moon/9.png', 24),
(245, 'Moonbirds', 'Moonbirds', 6.89, 440681, '/nftimages/moon/10.png', 24),
(246, 'Moonbirds', 'Moonbirds', 6.89, 591461, '/nftimages/moon/11.png', 24),
(247, 'Moonbirds', 'Moonbirds', 7.1, 327368, '/nftimages/moon/12.png', 24),
(248, 'Moonbirds', 'Moonbirds', 7.1, 307269, '/nftimages/moon/13.png', 24),
(249, 'Moonbirds', 'Moonbirds', 7.1, 599523, '/nftimages/moon/14.png', 24),
(250, 'Moonbirds', 'Moonbirds', 7.1, 502592, '/nftimages/moon/15.png', 24),
(251, 'Moonbirds', 'Moonbirds', 7.2, 671266, '/nftimages/moon/16.png', 24),
(252, 'Moonbirds', 'Moonbirds', 7.2, 493976, '/nftimages/moon/17.png', 24),
(253, 'Moonbirds', 'Moonbirds', 7.2, 644306, '/nftimages/moon/18.png', 24),
(254, 'Moonbirds', 'Moonbirds', 7.3, 347028, '/nftimages/moon/19.png', 24),
(255, 'Moonbirds', 'Moonbirds', 7.3, 796311, '/nftimages/moon/20.png', 24),
(256, 'Moonbirds', 'Moonbirds', 7.4, 678824, '/nftimages/moon/21.png', 24),
(257, 'Moonbirds', 'Moonbirds', 7.4, 536183, '/nftimages/moon/22.png', 24),
(258, 'Moonbirds', 'Moonbirds', 7.8, 444676, '/nftimages/moon/23.png', 24),
(259, 'Azuki', 'Azuki', 19, 415426, '/nftimages/azuki/1.webp', 26),
(260, 'Azuki', 'Azuki', 19, 415426, '/nftimages/azuki/2.webp', 26),
(261, 'Azuki', 'Azuki', 19, 315893, '/nftimages/azuki/3.webp', 26),
(262, 'Azuki', 'Azuki', 19, 444536, '/nftimages/azuki/4.webp', 26),
(263, 'Azuki', 'Azuki', 19, 547987, '/nftimages/azuki/5.webp', 26),
(264, 'Azuki', 'Azuki', 19, 486965, '/nftimages/azuki/6.webp', 26),
(265, 'Azuki', 'Azuki', 19, 527076, '/nftimages/azuki/7.webp', 26),
(266, 'Azuki', 'Azuki', 19, 367574, '/nftimages/azuki/8.webp', 26),
(267, 'Azuki', 'Azuki', 19, 474786, '/nftimages/azuki/9.webp', 26),
(268, 'Azuki', 'Azuki', 20, 411456, '/nftimages/azuki/10.webp', 26),
(269, 'Azuki', 'Azuki', 20, 388326, '/nftimages/azuki/11.webp', 26),
(270, 'Azuki', 'Azuki', 20, 491830, '/nftimages/azuki/12.webp', 26),
(271, 'Azuki', 'Azuki', 21, 468152, '/nftimages/azuki/13.webp', 26),
(272, 'Azuki', 'Azuki', 21, 564047, '/nftimages/azuki/14.webp', 26),
(273, 'Azuki', 'Azuki', 21, 511716, '/nftimages/azuki/15.webp', 26),
(274, 'Azuki', 'Azuki', 21, 320734, '/nftimages/azuki/16.webp', 26),
(275, 'Azuki', 'Azuki', 21, 357839, '/nftimages/azuki/17.webp', 26),
(276, 'Azuki', 'Azuki', 22, 528393, '/nftimages/azuki/18.webp', 26),
(277, 'Azuki', 'Azuki', 22, 570926, '/nftimages/azuki/19.webp', 26),
(278, 'Azuki', 'Azuki', 22, 481125, '/nftimages/azuki/20.webp', 26),
(279, 'CloneX', 'CloneX', 22, 315486, '/nftimages/clone/1.webp', 27),
(280, 'CloneX', 'CloneX', 22, 561507, '/nftimages/clone/2.webp', 27),
(281, 'CloneX', 'CloneX', 23, 544364, '/nftimages/clone/3.webp', 27),
(282, 'CloneX', 'CloneX', 24, 563246, '/nftimages/clone/5.webp', 27),
(283, 'CloneX', 'CloneX', 24, 588299, '/nftimages/clone/6.webp', 27),
(284, 'CloneX', 'CloneX', 24, 580855, '/nftimages/clone/7.webp', 27),
(285, 'CloneX', 'CloneX', 24, 500664, '/nftimages/clone/8.webp', 27),
(286, 'CloneX', 'CloneX', 25, 453540, '/nftimages/clone/9.webp', 27),
(287, 'CloneX', 'CloneX', 25, 324269, '/nftimages/clone/10.webp', 27),
(288, 'CloneX', 'CloneX', 25, 397371, '/nftimages/clone/11.webp', 27),
(289, 'CloneX', 'CloneX', 25, 489724, '/nftimages/clone/12.webp', 27),
(290, 'CloneX', 'CloneX', 25, 501664, '/nftimages/clone/13.webp', 27),
(291, 'CloneX', 'CloneX', 26, 456482, '/nftimages/clone/13.webp', 27),
(292, 'CloneX', 'CloneX', 26, 454964, '/nftimages/clone/14.webp', 27),
(293, 'CloneX', 'CloneX', 26, 532674, '/nftimages/clone/15.webp', 27),
(294, 'CloneX', 'CloneX', 27, 318936, '/nftimages/clone/16.webp', 27),
(295, 'CloneX', 'CloneX', 27, 494763, '/nftimages/clone/17.webp', 27),
(296, 'CloneX', 'CloneX', 27, 346942, '/nftimages/clone/18.webp', 27),
(297, 'CloneX', 'CloneX', 27, 507396, '/nftimages/clone/19.webp', 27),
(298, 'CloneX', 'CloneX', 28, 376845, '/nftimages/clone/20.webp', 27),
(299, 'Doodles', 'Doodles', 5.8, 160299, '/nftimages/doodles/1.webp', 28),
(300, 'Doodles', 'Doodles', 7.25, 256290, '/nftimages/doodles/2.webp', 28),
(301, 'Doodles', 'Doodles', 8.5, 119121, '/nftimages/doodles/3.webp', 28),
(302, 'Doodles', 'Doodles', 8.5, 174612, '/nftimages/doodles/4.webp', 28),
(303, 'Doodles', 'Doodles', 10, 127693, '/nftimages/doodles/5.webp', 28),
(304, 'Doodles', 'Doodles', 13.69, 215178, '/nftimages/doodles/6.webp', 28),
(305, 'Doodles', 'Doodles', 15, 266452, '/nftimages/doodles/7.webp', 28),
(306, 'Doodles', 'Doodles', 16.75, 238764, '/nftimages/doodles/8.webp', 28),
(307, 'Doodles', 'Doodles', 20, 156809, '/nftimages/doodles/9.webp', 28),
(308, 'Doodles', 'Doodles', 23, 248004, '/nftimages/doodles/10.webp', 28),
(309, 'Doodles', 'Doodles', 30, 138709, '/nftimages/doodles/11.webp', 28),
(310, 'Doodles', 'Doodles', 111, 171435, '/nftimages/doodles/12.webp', 28),
(311, 'The Captainz', 'The Captainz', 5.4, 171435, '/nftimages/captainz/1.gif', 29),
(312, 'The Captainz', 'The Captainz', 6.666, 227735, '/nftimages/captainz/2.gif', 29),
(313, 'The Captainz', 'The Captainz', 8.4, 277198, '/nftimages/captainz/3.gif', 29),
(314, 'The Captainz', 'The Captainz', 16, 177215, '/nftimages/captainz/4.gif', 29),
(315, 'ANIM NAT Memorial Art', 'ANIM.JP Gift Collection', 0.06, 703, '/nftimages/AnimNatMemorialArt/1.webp', 30),
(316, 'Cyber JNGL #1', 'Cyber JNGL', 0.0548, 8, '/nftimages/cyberjngl/1.webp', 31),
(317, 'Underworld Degens #3828', 'Cyber JNGL', 0.0439, 8, '/nftimages/cyberjngl/2.webp', 31),
(321, 'Cyber JNGL #10', 'Cyber JNGL', 0.0543, 4, '/nftimages/cyberjngl/3.webp', 31),
(323, 'Cyber JNGL #100', 'Cyber JNGL', 0.0079, 3, '/nftimages/cyberjngl/4.webp', 31),
(324, 'Cyber JNGL #101', 'Cyber JNGL', 0.04, 45, '/nftimages/cyberjngl/5.webp', 31),
(325, 'Cyber JNGL #102', 'Cyber JNGL', 0.038, 45, '/nftimages/cyberjngl/6.webp', 31),
(326, 'Bean #4547', 'Beanz', 1.15, 50, '/nftimages/Bean/1.webp', 32),
(327, 'Bean #4547', 'Beanz', 1.15, 50, '/nftimages/Bean/1.webp', 32),
(330, 'Bean #4547', 'Beanz', 1.15, 50, '/nftimages/Bean/1.webp', 32),
(331, 'Soldrop Boxers #428', 'Soldrop Boxers', 0.0412, 2, '/nftimages/soldrop/1.webp', 34),
(332, 'Enter The Odyssey', 'Arbitrum Odyssey NFT', 0.0031, 23, '/nftimages/odyssey/1.webp', 35),
(333, 'Cat 8', 'Kawaii Catss', 0.002, 23, '/nftimages/kawaii/1.webp', 36),
(334, 'Radbro #2186', 'Radbro Webring', 0.023, 17, '/nftimages/Radbro/1.webp', 37),
(335, 'Not a Goblintown Project #267', 'Not a Goblintown Project', 0.0732, 31, '/nftimages/notagoblin/1.webp', 38);



CREATE TABLE `nftcollectioners` (
  `id` int NOT NULL,
  `collectioner` int NOT NULL,
  `nft` int NOT NULL
);



INSERT INTO `nftcollectioners` (`id`, `collectioner`, `nft`) VALUES
(3, 4, 5),
(4, 4, 71),
(5, 4, 84),
(6, 4, 85),
(7, 4, 86),
(8, 5, 298),
(9, 5, 228),
(10, 5, 208),
(11, 6, 208),
(12, 6, 98),
(13, 6, 1),
(14, 6, 155),
(15, 7, 236),
(16, 7, 233),
(17, 7, 234),
(18, 7, 238),
(19, 8, 5),
(20, 8, 55),
(21, 8, 78),
(22, 8, 122),
(23, 9, 186),
(24, 9, 187),
(25, 9, 188),
(26, 9, 218),
(27, 10, 5),
(28, 11, 5),
(29, 11, 41),
(30, 11, 42),
(31, 11, 25),
(32, 11, 61),
(33, 11, 64),
(34, 11, 73),
(35, 11, 96),
(36, 11, 105),
(37, 11, 115),
(38, 11, 150),
(39, 11, 188),
(40, 11, 180),
(41, 11, 231),
(42, 11, 232),
(43, 11, 246),
(44, 11, 247),
(45, 11, 310),
(46, 11, 314),
(47, 11, 273),
(48, 11, 274),
(49, 11, 278),
(50, 11, 258),
(51, 11, 7),
(52, 11, 74),
(53, 11, 75),
(54, 11, 76),
(55, 11, 77),
(56, 11, 153),
(57, 10, 150),
(58, 10, 151),
(59, 10, 152),
(60, 10, 139),
(61, 10, 166),
(62, 10, 167),
(63, 10, 168),
(64, 10, 183),
(65, 10, 198),
(66, 10, 199),
(67, 10, 200),
(68, 10, 201),
(69, 9, 217),
(70, 9, 218),
(71, 9, 219),
(72, 9, 230),
(73, 9, 231),
(74, 9, 232),
(75, 10, 234),
(76, 10, 235),
(77, 7, 227),
(78, 7, 239),
(79, 7, 240),
(80, 7, 241),
(81, 7, 242),
(82, 7, 243),
(83, 7, 244),
(84, 7, 256),
(85, 7, 257),
(86, 7, 264),
(87, 5, 311),
(88, 5, 312),
(89, 5, 313),
(90, 5, 314),
(91, 5, 305),
(92, 5, 300),
(93, 4, 5),
(94, 4, 6),
(95, 4, 7),
(96, 4, 8),
(97, 4, 9),
(98, 4, 10),
(99, 4, 11),
(100, 4, 12),
(101, 4, 13),
(102, 4, 14),
(103, 4, 15),
(104, 8, 56),
(105, 8, 57),
(106, 8, 58),
(107, 8, 59),
(108, 8, 60),
(109, 8, 61),
(110, 8, 62),
(111, 8, 63),
(112, 8, 64),
(113, 8, 65),
(114, 8, 66),
(115, 8, 67),
(116, 8, 68),
(117, 12, 70),
(118, 12, 71),
(119, 12, 72),
(120, 12, 73),
(121, 12, 106),
(122, 12, 107),
(123, 12, 108),
(124, 12, 109),
(125, 12, 110),
(126, 12, 111),
(127, 12, 112),
(128, 12, 113),
(129, 12, 114),
(130, 12, 115),
(131, 12, 153),
(132, 12, 154),
(133, 12, 185),
(134, 12, 186),
(135, 12, 191),
(136, 12, 192),
(137, 12, 193),
(138, 12, 227),
(139, 12, 230),
(140, 12, 242),
(141, 12, 243),
(142, 13, 5),
(143, 13, 6),
(144, 13, 13),
(145, 13, 32),
(146, 13, 53),
(147, 13, 68),
(148, 13, 84),
(149, 13, 85),
(150, 13, 103),
(151, 13, 114),
(152, 13, 115),
(153, 13, 127),
(154, 13, 157),
(155, 13, 166),
(156, 13, 179),
(157, 13, 183),
(158, 13, 200),
(159, 14, 200),
(160, 14, 201),
(161, 14, 203),
(162, 14, 204),
(163, 14, 205),
(164, 14, 206),
(165, 14, 221),
(166, 14, 237),
(167, 15, 113),
(168, 15, 124),
(169, 15, 156),
(170, 15, 183),
(171, 15, 184),
(172, 15, 185),
(173, 16, 268),
(174, 16, 289),
(175, 16, 288),
(176, 16, 242),
(177, 16, 311),
(178, 16, 312),
(179, 18, 12),
(180, 18, 29),
(181, 18, 55),
(182, 18, 87),
(183, 18, 117),
(184, 18, 118),
(185, 18, 119),
(186, 17, 121),
(187, 17, 157),
(188, 17, 175),
(189, 17, 179),
(190, 17, 227),
(191, 17, 235),
(192, 17, 236),
(193, 19, 239),
(194, 19, 241),
(195, 19, 266),
(196, 19, 291),
(197, 19, 312),
(198, 19, 313),
(205, 24, 223),
(206, 24, 224),
(207, 24, 226),
(208, 24, 241),
(209, 24, 242),
(210, 24, 248),
(211, 24, 269),
(212, 24, 275),
(213, 24, 280),
(214, 24, 299),
(215, 24, 310),
(216, 24, 308),
(217, 23, 315),
(218, 23, 316),
(219, 23, 317),
(220, 23, 326),
(221, 23, 331),
(222, 23, 332),
(223, 23, 333),
(224, 23, 334);


CREATE TABLE `nftuser` (
  `id` int NOT NULL,
  `artist` int NOT NULL,
  `nft` int NOT NULL
);



INSERT INTO `nftuser` (`id`, `artist`, `nft`) VALUES
(1, 3, 1),
(2, 3, 1),
(3, 3, 1),
(4, 3, 1),
(5, 3, 1),
(6, 3, 1),
(7, 6, 1),
(8, 6, 2),
(9, 5, 2),
(10, 1, 1),
(11, 6, 3),
(12, 9, 4),
(13, 10, 5),
(14, 10, 6),
(15, 10, 7),
(16, 10, 8),
(17, 10, 9),
(18, 10, 10),
(19, 10, 11),
(20, 10, 12),
(21, 10, 12),
(22, 10, 13),
(23, 10, 14),
(24, 10, 15),
(25, 10, 16),
(26, 10, 17),
(27, 10, 18),
(28, 10, 19),
(29, 10, 17),
(30, 10, 18),
(31, 10, 19),
(32, 10, 20),
(33, 10, 21),
(34, 10, 22),
(35, 10, 23),
(36, 10, 24),
(37, 10, 25),
(38, 10, 26),
(39, 10, 27),
(40, 10, 28),
(41, 10, 29),
(42, 10, 30),
(43, 10, 31),
(44, 10, 32),
(45, 10, 33),
(46, 10, 34),
(47, 10, 38),
(48, 10, 35),
(49, 10, 36),
(50, 10, 37),
(51, 10, 38),
(52, 10, 39),
(53, 10, 40),
(54, 10, 31),
(55, 10, 42),
(56, 10, 43),
(57, 10, 44),
(58, 10, 45),
(59, 11, 50),
(60, 11, 51),
(61, 11, 52),
(62, 11, 53),
(63, 11, 54),
(64, 11, 55),
(65, 11, 56),
(66, 11, 57),
(67, 11, 58),
(68, 11, 59),
(69, 11, 60),
(70, 11, 61),
(71, 11, 62),
(72, 11, 63),
(73, 11, 64),
(74, 11, 65),
(75, 11, 66),
(76, 11, 67),
(77, 11, 68),
(78, 11, 69),
(79, 12, 70),
(80, 12, 71),
(81, 12, 72),
(82, 12, 73),
(83, 12, 74),
(84, 12, 75),
(85, 12, 76),
(86, 12, 77),
(87, 12, 78),
(88, 12, 79),
(89, 12, 80),
(90, 12, 81),
(91, 12, 82),
(92, 12, 83),
(93, 12, 84),
(94, 12, 88),
(95, 12, 89),
(96, 12, 85),
(97, 12, 86),
(98, 12, 87),
(99, 13, 90),
(100, 13, 91),
(101, 13, 92),
(102, 13, 93),
(103, 13, 94),
(104, 13, 95),
(105, 13, 96),
(106, 13, 97),
(107, 13, 98),
(108, 13, 99),
(109, 13, 100),
(110, 13, 101),
(111, 13, 102),
(112, 13, 103),
(113, 13, 104),
(114, 13, 105),
(115, 13, 106),
(116, 13, 107),
(117, 13, 108),
(118, 13, 109),
(119, 13, 110),
(120, 13, 111),
(121, 13, 112),
(122, 13, 113),
(123, 14, 114),
(124, 14, 115),
(125, 14, 116),
(126, 14, 117),
(127, 14, 118),
(128, 14, 119),
(129, 14, 120),
(130, 14, 121),
(131, 14, 131),
(132, 14, 132),
(133, 14, 133),
(134, 14, 134),
(135, 14, 135),
(136, 14, 136),
(137, 14, 137),
(138, 14, 138),
(139, 14, 139),
(140, 14, 140),
(141, 14, 141),
(142, 14, 142),
(143, 14, 143),
(144, 14, 144),
(145, 14, 145),
(150, 19, 150),
(151, 19, 151),
(152, 19, 152),
(153, 19, 153),
(154, 19, 154),
(155, 19, 155),
(156, 19, 156),
(157, 20, 157),
(158, 20, 158),
(159, 20, 159),
(160, 20, 160),
(161, 20, 161),
(162, 20, 162),
(163, 20, 163),
(164, 20, 164),
(165, 20, 165),
(166, 20, 166),
(167, 20, 167),
(168, 20, 168),
(169, 20, 169),
(170, 20, 170),
(171, 20, 171),
(172, 20, 172),
(173, 20, 173),
(174, 20, 174),
(175, 20, 175),
(176, 20, 176),
(177, 20, 177),
(178, 20, 178),
(179, 21, 179),
(180, 21, 180),
(181, 21, 181),
(182, 21, 182),
(183, 21, 183),
(184, 21, 184),
(185, 21, 185),
(186, 21, 186),
(187, 21, 187),
(188, 21, 188),
(189, 21, 189),
(190, 21, 190),
(191, 21, 191),
(192, 21, 192),
(193, 21, 193),
(194, 21, 194),
(195, 21, 195),
(196, 21, 196),
(197, 21, 197),
(198, 21, 198),
(199, 21, 199),
(200, 21, 200),
(201, 21, 201),
(202, 21, 202),
(203, 21, 203),
(204, 21, 204),
(205, 21, 205),
(206, 21, 206),
(207, 21, 207),
(208, 21, 208),
(209, 21, 209),
(210, 21, 210),
(211, 22, 211),
(212, 22, 212),
(213, 22, 213),
(214, 22, 214),
(215, 22, 215),
(216, 22, 216),
(217, 22, 217),
(218, 22, 218),
(219, 22, 219),
(220, 22, 220),
(221, 22, 221),
(222, 22, 222),
(223, 22, 223),
(224, 22, 224),
(225, 22, 225),
(226, 22, 226),
(227, 23, 227),
(228, 23, 228),
(229, 23, 229),
(230, 23, 230),
(231, 23, 231),
(232, 23, 232),
(233, 23, 233),
(234, 23, 234),
(235, 23, 235),
(236, 24, 236),
(237, 24, 237),
(238, 24, 238),
(239, 24, 239),
(240, 24, 240),
(241, 24, 241),
(242, 24, 242),
(243, 24, 243),
(244, 24, 244),
(245, 24, 245),
(246, 24, 246),
(247, 24, 247),
(248, 24, 248),
(249, 24, 249),
(250, 24, 250),
(251, 24, 251),
(252, 24, 252),
(253, 24, 253),
(254, 24, 254),
(255, 24, 255),
(256, 24, 256),
(257, 24, 257),
(258, 24, 258),
(259, 26, 259),
(260, 26, 260),
(261, 26, 261),
(262, 26, 262),
(263, 26, 263),
(264, 26, 264),
(265, 26, 265),
(266, 26, 266),
(267, 26, 267),
(268, 26, 268),
(269, 26, 269),
(270, 26, 270),
(271, 26, 271),
(272, 26, 272),
(273, 26, 273),
(274, 26, 274),
(275, 26, 275),
(276, 26, 276),
(277, 26, 277),
(278, 26, 278),
(279, 27, 279),
(280, 27, 280),
(281, 27, 281),
(282, 27, 282),
(283, 27, 283),
(284, 27, 284),
(285, 27, 285),
(286, 27, 286),
(287, 27, 287),
(288, 27, 288),
(289, 27, 289),
(290, 27, 290),
(291, 27, 291),
(292, 27, 292),
(293, 27, 293),
(294, 27, 294),
(295, 27, 295),
(296, 27, 296),
(297, 27, 297),
(298, 27, 298),
(299, 28, 299),
(300, 28, 300),
(301, 28, 301),
(302, 28, 302),
(303, 28, 303),
(304, 28, 304),
(305, 28, 305),
(306, 28, 306),
(307, 28, 307),
(308, 28, 308),
(309, 28, 309),
(310, 28, 310),
(311, 29, 311),
(312, 29, 312),
(313, 29, 313),
(314, 29, 314),
(315, 31, 316),
(316, 31, 317),
(317, 31, 321),
(319, 31, 323),
(320, 31, 325),
(321, 30, 315),
(322, 32, 326),
(323, 34, 331),
(324, 35, 332),
(325, 36, 333),
(326, 37, 334),
(327, 38, 335);

--
-- Indexes for dumped tables
--

--
-- Indexes for table `artist`
--
ALTER TABLE `artist`
  ADD PRIMARY KEY (`id`);

--
-- Indexes for table `collectioners`
--
ALTER TABLE `collectioners`
  ADD PRIMARY KEY (`id`);

--
-- Indexes for table `news`
--
ALTER TABLE `news`
  ADD PRIMARY KEY (`id`);

--
-- Indexes for table `nft`
--
ALTER TABLE `nft`
  ADD PRIMARY KEY (`id`);

--
-- Indexes for table `nftcollectioners`
--
ALTER TABLE `nftcollectioners`
  ADD PRIMARY KEY (`id`);

--
-- Indexes for table `nftuser`
--
ALTER TABLE `nftuser`
  ADD PRIMARY KEY (`id`);

--
-- AUTO_INCREMENT for dumped tables
--

--
-- AUTO_INCREMENT for table `artist`
--
ALTER TABLE `artist`
  MODIFY `id` int NOT NULL AUTO_INCREMENT, AUTO_INCREMENT=39;

--
-- AUTO_INCREMENT for table `collectioners`
--
ALTER TABLE `collectioners`
  MODIFY `id` int NOT NULL AUTO_INCREMENT, AUTO_INCREMENT=25;

--
-- AUTO_INCREMENT for table `news`
--
ALTER TABLE `news`
  MODIFY `id` int NOT NULL AUTO_INCREMENT, AUTO_INCREMENT=10;

--
-- AUTO_INCREMENT for table `nft`
--
ALTER TABLE `nft`
  MODIFY `id` int NOT NULL AUTO_INCREMENT, AUTO_INCREMENT=336;

--
-- AUTO_INCREMENT for table `nftcollectioners`
--
ALTER TABLE `nftcollectioners`
  MODIFY `id` int NOT NULL AUTO_INCREMENT, AUTO_INCREMENT=225;

--
-- AUTO_INCREMENT for table `nftuser`
--
ALTER TABLE `nftuser`
  MODIFY `id` int NOT NULL AUTO_INCREMENT, AUTO_INCREMENT=328;
COMMIT;
